S.No,Country/Region,Exports_1,Imports_1,Total Trade_1,Trd.Bal_1,Exports_2,Imports_2,Total Trade_2,Trd.Bal_2,Exports_Growth_%,Imports_Growth_%
1,AFGHANISTAN,2380.99,4568.6,6949.58,-2187.61,2220.1,4991.44,7211.54,-2771.33,-6.76,9.26
2,ALBANIA,9467.48,56.4,9523.88,9411.08,500.99,56.08,557.06,444.91,-94.71,-0.56
3,ALGERIA,5636.04,5462.03,11098.06,174.01,6432.01,5580.98,12012.99,851.04,14.12,2.18
4,AMERI SAMOA,2.93,0.4,3.33,2.54,19.86,0.12,19.98,19.74,577.02,-68.71
5,ANDORRA,2.04,0.39,2.44,1.65,1.77,0.26,2.03,1.52,-13.3,-34.27
6,ANGOLA,4487.02,20734.44,25221.47,-16247.42,3748.86,29999.01,33747.87,-26250.15,-16.45,44.68
7,ANGUILLA,1.91,2.44,4.35,-0.53,1.16,1.06,2.22,0.1,-39.29,-56.63
8,ANTARTICA,2.15,3.7,5.85,-1.54,1.73,2.34,4.08,-0.61,-19.55,-36.68
9,ANTIGUA,116.78,5.92,122.7,110.86,38.02,4.55,42.57,33.47,-67.44,-23.1
10,ARGENTINA,7274.48,17117.95,24392.43,-9843.46,6504.15,27682.29,34186.44,-21178.14,-10.59,61.72
11,ARMENIA,660.17,293.69,953.86,366.48,1702.54,304.37,2006.91,1398.17,157.89,3.64
12,ARUBA,101.57,8.36,109.93,93.21,83.71,3.99,87.7,79.73,-17.58,-52.3
13,AUSTRALIA,57877.62,114042.23,171919.85,-56164.61,58621.17,113738.31,172359.48,-55117.14,1.28,-0.27
14,AUSTRIA,7341.82,6256.77,13598.59,1085.04,9757.64,6619.35,16376.99,3138.3,32.91,5.79
15,AZERBAIJAN,619.52,4.63,624.15,614.89,668.54,16.11,684.65,652.43,7.91,248.05
16,BAHAMAS,486.19,99.9,586.08,386.29,76.14,42.82,118.96,33.33,-84.34,-57.14
17,BAHARAIN IS,5460.25,4862.26,10322.51,597.99,5655.02,6257.57,11912.59,-602.55,3.57,28.7
18,BANGLADESH PR,72931.79,12936.26,85868.04,59995.53,79095.61,14161.29,93256.9,64934.31,8.45,9.47
19,BARBADOS,130.6,22.89,153.49,107.72,196.63,12.69,209.32,183.94,50.56,-44.55
20,BELARUS,297.48,100.69,398.16,196.79,486.17,286.69,772.87,199.48,63.43,184.74
21,BELGIUM,53642.84,49595.68,103238.52,4047.16,43473.64,46604.31,90077.95,-3130.68,-18.96,-6.03
22,BELIZE,89.68,154.31,243.99,-64.63,84.96,5.96,90.92,79.0,-5.26,-96.14
23,BENIN,5232.63,1318.01,6550.64,3914.61,8095.73,1001.29,9097.02,7094.45,54.72,-24.03
24,BERMUDA,,,0.0,0.0,35.09,0.28,35.37,34.81,,
25,BHUTAN,6544.52,2332.67,8877.19,4211.85,8907.57,4458.71,13366.28,4448.85,36.11,91.14
26,BOLIVIA,515.48,8598.87,9114.34,-8083.39,480.56,2804.86,3285.42,-2324.3,-6.77,-67.38
27,BOSNIA-HRZGOVIN,211.0,41.82,252.82,169.18,113.08,54.67,167.75,58.41,-46.41,30.72
28,BOTSWANA,663.34,2158.63,2821.97,-1495.29,1237.12,2270.04,3507.17,-1032.92,86.5,5.16
29,BR VIRGN IS,3.88,1154.07,1157.95,-1150.18,14.43,30.96,45.39,-16.53,271.56,-97.32
30,BRAZIL,42068.22,45281.55,87349.77,-3213.33,47890.78,35987.01,83877.79,11903.77,13.84,-20.53
31,BRUNEI,477.13,610.11,1087.25,-132.98,413.81,1070.3,1484.11,-656.48,-13.27,75.43
32,BULGARIA,1507.23,1418.54,2925.77,88.69,1485.99,2293.75,3779.75,-807.76,-1.41,61.7
33,BURKINA FASO,751.15,1356.44,2107.59,-605.29,998.65,638.89,1637.54,359.76,32.95,-52.9
34,BURUNDI,,,0.0,0.0,211.89,8.27,220.15,203.62,,
35,C AFRI REP,524.9,1.95,526.85,522.95,76.51,1.22,77.73,75.29,-85.42,-37.32
36,CAMBODIA,1282.45,1643.29,2925.75,-360.84,1358.58,690.58,2049.15,668.0,5.94,-57.98
37,CAMEROON,2828.2,5573.16,8401.36,-2744.96,3749.96,2812.56,6562.52,937.41,32.59,-49.53
38,CANADA,25963.35,29909.75,55873.11,-3946.4,29177.0,33292.48,62469.47,-4115.48,12.38,11.31
39,CAPE VERDE IS,22.13,30.49,52.62,-8.36,25.18,34.6,59.79,-9.42,13.8,13.48
40,CAYMAN IS,41.93,0.0,41.93,41.93,1142.74,664.1,1806.83,478.64,2625.32,
41,CHAD,497.45,24.29,521.74,473.17,542.24,192.55,734.79,349.69,9.0,692.77
42,CHILE,8258.55,10480.75,18739.3,-2222.2,8058.77,19693.56,27752.33,-11634.79,-2.42,87.9
43,CHINA P RP,111648.49,710978.14,822626.63,-599329.65,96518.75,799906.2,896424.95,-703387.44,-13.55,12.51
44,CHRISTMAS IS.,,,0.0,0.0,0.19,0.51,0.7,-0.32,,
45,COCOS IS,,,0.0,0.0,0.49,0.23,0.73,0.26,,
46,COLOMBIA,8180.64,20763.18,28943.83,-12582.54,10032.46,22731.44,32763.89,-12698.98,22.64,9.48
47,COMOROS,173.36,143.66,317.02,29.71,248.42,111.38,359.81,137.04,43.29,-22.47
48,CONGO D. REP.,3946.29,1632.79,5579.08,2313.5,4014.58,3380.21,7394.78,634.37,1.73,107.02
49,CONGO P REP,1237.43,959.58,2197.01,277.84,1218.39,1197.06,2415.45,21.33,-1.54,24.75
50,COSTA RICA,1221.5,788.83,2010.32,432.67,1541.64,878.93,2420.57,662.71,26.21,11.42
51,COTE D' IVOIRE,4386.25,2860.08,7246.34,1526.17,6820.8,4185.66,11006.45,2635.14,55.5,46.35
52,CROATIA,1517.86,416.69,1934.55,1101.17,2271.17,586.51,2857.68,1684.66,49.63,40.75
53,CUBA,319.37,16.23,335.6,303.13,102.81,20.81,123.62,82.0,-67.81,28.2
54,CYPRUS,632.21,319.93,952.14,312.27,615.14,357.27,972.4,257.87,-2.7,11.67
55,CZECH REPUBLIC,8379.54,4950.64,13330.17,3428.9,15267.6,4931.56,20199.16,10336.03,82.2,-0.39
56,DENMARK,5594.56,6308.47,11903.03,-713.91,5952.02,5404.3,11356.32,547.72,6.39,-14.33
57,DJIBOUTI,7260.91,146.97,7407.88,7113.94,4742.55,120.98,4863.53,4621.57,-34.68,-17.68
58,DOMINIC REP,2302.66,3461.35,5764.02,-1158.69,2617.06,4506.24,7123.3,-1889.18,13.65,30.19
59,DOMINICA,18.78,4.01,22.78,14.77,29.5,1.2,30.7,28.3,57.11,-70.09
60,ECUADOR,3381.39,5970.18,9351.57,-2588.79,2123.49,2653.63,4777.12,-530.15,-37.2,-55.55
61,EGYPT A RP,25081.21,8936.62,34017.83,16144.58,23672.69,7718.96,31391.64,15953.73,-5.62,-13.63
62,EL SALVADOR,857.71,17.76,875.47,839.95,1043.28,26.0,1069.28,1017.28,21.64,46.42
63,EQUTL GUINEA,181.39,1403.83,1585.22,-1222.44,139.6,3700.37,3839.97,-3560.77,-23.04,163.59
64,ESTONIA,450.11,947.24,1397.34,-497.13,503.14,841.16,1344.3,-338.03,11.78,-11.2
65,ETHIOPIA,3364.49,548.94,3913.43,2815.56,3110.78,512.54,3623.33,2598.24,-7.54,-6.63
66,FIJI IS,537.57,8.33,545.9,529.24,608.52,10.43,618.95,598.09,13.2,25.26
67,FINLAND,3983.85,6485.48,10469.32,-2501.63,3267.67,6017.65,9285.32,-2749.98,-17.98,-7.21
68,FR GUIANA,11.32,4.63,15.95,6.69,10.62,2.69,13.31,7.93,-6.17,-41.91
69,FR POLYNESIA,74.65,2.13,76.78,72.52,89.38,1.96,91.35,87.42,19.73,-7.85
70,FRANCE,49214.56,51197.73,100412.3,-1983.17,56083.28,52846.39,108929.67,3236.89,13.96,3.22
71,GABON,481.23,2244.33,2725.56,-1763.09,699.91,2347.77,3047.68,-1647.86,45.44,4.61
72,GAMBIA,1228.57,307.1,1535.67,921.46,856.88,357.81,1214.68,499.07,-30.25,16.51
73,GEORGIA,1413.63,347.2,1760.84,1066.43,2108.12,571.67,2679.79,1536.46,49.13,64.65
74,GERMANY,65737.46,116016.09,181753.56,-50278.63,72626.34,133762.84,206389.18,-61136.5,10.48,15.3
75,GHANA,7365.27,9797.02,17162.29,-2431.75,9237.48,12774.83,22012.31,-3537.35,25.42,30.4
76,GIBRALTAR,6884.61,2.5,6887.11,6882.11,229.3,0.18,229.48,229.12,-96.67,-92.67
77,GREECE,6268.53,6290.72,12559.25,-22.19,7403.88,2998.15,10402.03,4405.72,18.11,-52.34
78,GRENADA,31.74,15.56,47.3,16.18,28.56,1.9,30.46,26.66,-10.02,-87.78
79,GUADELOUPE,34.0,0.08,34.08,33.92,39.44,2.92,42.36,36.52,15.99,3450.98
80,GUAM,6.72,0.11,6.83,6.61,9.38,0.12,9.51,9.26,39.7,10.66
81,GUATEMALA,3779.29,223.39,4002.68,3555.9,4406.96,206.76,4613.72,4200.21,16.61,-7.45
82,GUINEA,4322.6,10887.98,15210.57,-6565.38,6149.44,5489.78,11639.22,659.66,42.26,-49.58
83,GUINEA BISSAU,44.84,601.28,646.12,-556.45,153.26,1523.72,1676.98,-1370.46,241.83,153.41
84,GUYANA,610.47,44.83,655.3,565.64,624.89,35.14,660.03,589.75,2.36,-21.61
85,HAITI,766.79,107.41,874.2,659.38,627.14,61.07,688.21,566.07,-18.21,-43.15
86,HONDURAS,1742.46,226.39,1968.86,1516.07,1932.36,265.35,2197.71,1667.01,10.9,17.21
87,HONG KONG,54918.52,139686.21,194604.73,-84767.69,40149.38,137093.25,177242.63,-96943.87,-26.89,-1.86
88,HUNGARY,3884.08,2095.9,5979.98,1788.19,3734.8,3036.8,6771.6,698.0,-3.84,44.89
89,ICELAND,85.31,43.05,128.36,42.26,86.45,83.35,169.79,3.1,1.33,93.62
90,INDONESIA,43164.0,161277.73,204441.73,-118113.72,39340.14,164291.0,203631.14,-124950.86,-8.86,1.87
91,IRAN,8381.73,4258.59,12640.32,4123.14,8239.9,2936.75,11176.65,5303.15,-1.69,-31.04
92,IRAQ,22522.07,200338.4,222860.47,-177816.34,22305.82,204760.41,227066.23,-182454.59,-0.96,2.21
93,IRELAND,4414.11,42010.4,46424.51,-37596.28,5999.83,30257.34,36257.16,-24257.51,35.92,-27.98
94,ISRAEL,33810.09,13498.76,47308.85,20311.33,14531.43,10168.45,24699.88,4362.98,-57.02,-24.67
95,ITALY,57633.58,40172.52,97806.11,17461.06,54158.12,42245.65,96403.77,11912.46,-6.03,5.16
96,JAMAICA,756.96,48.78,805.74,708.19,623.16,65.18,688.33,557.98,-17.68,33.62
97,JAPAN,34915.47,120773.45,155688.92,-85857.97,43022.13,134073.6,177095.74,-91051.47,23.22,11.01
98,JORDAN,9637.44,10751.51,20388.95,-1114.07,5293.28,14128.46,19421.74,-8835.18,-45.08,31.41
99,KAZAKHSTAN,1602.11,525.02,2127.14,1077.09,1889.42,517.64,2407.07,1371.78,17.93,-1.41
100,KENYA,22113.47,1252.78,23366.26,20860.69,20836.42,2225.83,23062.24,18610.59,-5.78,77.67
101,KIRIBATI REP,,,0.0,0.0,28.21,0.18,28.39,28.03,,
102,KOREA RP,44226.39,146272.2,190498.6,-102045.81,40023.75,150765.6,190789.36,-110741.85,-9.5,3.07
103,KUWAIT,12939.21,58415.42,71354.64,-45476.21,13487.15,54941.98,68429.13,-41454.83,4.23,-5.95
104,KYRGHYZSTAN,291.82,72.97,364.78,218.85,308.7,54.0,362.71,254.7,5.79,-25.99
105,LAO PD RP,88.69,657.36,746.05,-568.66,86.48,87.21,173.7,-0.73,-2.49,-86.73
106,LATVIA,1547.72,1100.5,2648.22,447.22,1615.13,1469.94,3085.07,145.19,4.36,33.57
107,LEBANON,2375.28,903.37,3278.65,1471.91,1980.29,663.41,2643.7,1316.88,-16.63,-26.56
108,LESOTHO,43.12,0.25,43.36,42.87,82.75,6.22,88.97,76.53,91.91,2424.28
109,LIBERIA,1646.1,88.23,1734.34,1557.87,2680.19,153.04,2833.23,2527.15,62.82,73.45
110,LIBYA,3805.87,1937.11,5742.97,1868.76,4541.64,1089.96,5631.59,3451.68,19.33,-43.73
111,LIECHTENSTEIN,1.98,62.69,64.68,-60.71,2.99,13.7,16.69,-10.71,50.71,-78.15
112,LITHUANIA,2190.96,926.25,3117.21,1264.71,1756.32,990.74,2747.05,765.58,-19.84,6.96
113,LUXEMBOURG,278.46,2056.33,2334.79,-1777.87,361.48,649.65,1011.13,-288.17,29.81,-68.41
114,MACAO,6.8,46.92,53.72,-40.12,11.19,306.75,317.94,-295.57,64.49,553.81
115,MACEDONIA,252.72,5.76,258.49,246.96,220.62,16.17,236.8,204.45,-12.7,180.74
116,MADAGASCAR,1573.94,1117.44,2691.38,456.5,1916.26,1343.09,3259.35,573.17,21.75,20.19
117,MALAWI,566.54,448.6,1015.13,117.94,663.06,621.93,1284.99,41.13,17.04,38.64
118,MALAYSIA,45954.43,88917.21,134871.64,-42962.78,53489.78,89457.36,142947.13,-35967.58,16.4,0.61
119,MALDIVES,6709.71,697.52,7407.23,6012.19,3990.98,913.86,4904.84,3077.12,-40.52,31.02
120,MALI,836.34,215.53,1051.87,620.81,802.67,623.24,1425.92,179.43,-4.02,189.17
121,MALTA,3718.49,264.07,3982.56,3454.42,2561.25,180.88,2742.13,2380.36,-31.12,-31.5
122,MARSHALL ISLAND,18.04,3.0,21.05,15.04,23.57,48.97,72.54,-25.4,30.63,1531.05
123,MARTINIQUE,32.11,4.06,36.17,28.04,35.07,2.29,37.36,32.78,9.23,-43.7
124,MAURITANIA,655.85,122.94,778.79,532.92,733.31,165.48,898.79,567.83,11.81,34.61
125,MAURITIUS,5332.64,536.56,5869.2,4796.08,5044.9,1654.16,6699.06,3390.74,-5.4,208.29
126,MAYOTTE,49.47,10.16,59.62,39.31,52.96,12.2,65.16,40.76,7.06,20.12
127,MEXICO,36070.34,19704.56,55774.89,16365.78,40427.65,20745.74,61173.4,19681.91,12.08,5.28
128,MICRONESIA,4.22,0.01,4.23,4.21,6.32,0.0,6.33,6.32,49.87,-91.54
129,MOLDOVA,85.83,32.64,118.46,53.19,66.45,8.57,75.01,57.88,-22.58,-73.74
130,MONACO,16.86,4.41,21.27,12.46,49.73,18.42,68.15,31.3,194.89,318.12
131,MONGOLIA,218.81,8.19,227.0,210.61,181.73,0.91,182.65,180.82,-16.94,-88.84
132,MONTENEGRO,189.78,12.3,202.08,177.49,991.98,10.32,1002.3,981.67,422.69,-16.11
133,MOROCCO,6957.78,9456.44,16414.22,-2498.66,6580.57,12281.0,18861.58,-5700.43,-5.42,29.87
134,MOZAMBIQUE,13835.6,16483.88,30319.48,-2648.28,9838.57,15927.06,25765.63,-6088.49,-28.89,-3.38
135,MYANMAR,4570.41,7092.59,11663.0,-2522.17,4172.75,11188.64,15361.38,-7015.89,-8.7,57.75
136,N. MARIANA IS.,2.53,0.0,2.54,2.53,,,0.0,0.0,,
137,NAMIBIA,3666.13,2640.33,6306.46,1025.79,1504.74,1474.89,2979.63,29.85,-58.96,-44.14
138,NAURU RP,0.7,0.02,0.73,0.68,0.33,0.01,0.34,0.32,-52.9,-46.83
139,NEPAL,48364.41,5675.38,54039.79,42689.03,51229.61,7873.03,59102.64,43356.57,5.92,38.72
140,NETHERLAND,145022.34,34839.97,179862.31,110182.37,160132.42,35528.82,195661.24,124603.6,10.42,1.98
141,NETHERLANDANTIL,150.02,157.14,307.16,-7.12,129.0,26.45,155.45,102.55,-14.01,-83.17
142,NEW CALEDONIA,109.16,207.03,316.19,-97.88,42.35,57.9,100.26,-15.55,-61.2,-72.03
143,NEW ZEALAND,3653.56,2361.96,6015.52,1291.59,4931.75,4221.99,9153.73,709.76,34.98,78.75
144,NICARAGUA,845.09,177.85,1022.94,667.24,1095.1,178.66,1273.76,916.44,29.58,0.46
145,NIGER,313.44,453.7,767.14,-140.26,498.67,274.65,773.32,224.02,59.1,-39.46
146,NIGERIA,26093.07,21905.42,47998.49,4187.66,20330.22,30612.11,50942.34,-10281.89,-22.09,39.75
147,NORFOLK IS,0.14,0.94,1.07,-0.8,6.77,2.51,9.28,4.26,4909.57,167.3
148,NORWAY,2771.02,5397.42,8168.43,-2626.4,3008.58,4260.18,7268.76,-1251.6,8.57,-21.07
149,OMAN,30649.44,32102.9,62752.34,-1453.46,28468.13,45671.42,74139.55,-17203.3,-7.12,42.27
150,PAKISTAN IR,9148.27,23.65,9171.92,9124.62,3764.1,3.56,3767.66,3760.55,-58.85,-84.96
151,PALAU,1.14,17.07,18.21,-15.92,,,0.0,0.0,,
152,PANAMA REPUBLIC,2101.68,3033.93,5135.61,-932.25,1994.56,701.82,2696.38,1292.74,-5.1,-76.87
153,PAPUA N GNA,475.15,3098.51,3573.66,-2623.37,473.31,2860.19,3333.5,-2386.89,-0.39,-7.69
154,PARAGUAY,1500.13,203.7,1703.83,1296.43,1274.68,226.94,1501.62,1047.74,-15.03,11.41
155,PERU,6322.01,21800.94,28122.95,-15478.93,6793.54,37589.7,44383.24,-30796.16,7.46,72.42
156,PHILIPPINES,13260.03,9996.41,23256.44,3263.62,14854.09,8094.98,22949.07,6759.12,12.02,-19.02
157,PITCAIRN IS.,,,0.0,0.0,0.0,0.12,0.13,-0.12,,
158,POLAND,16192.79,10629.4,26822.2,5563.39,18031.31,8608.34,26639.64,9422.97,11.35,-19.01
159,PORTUGAL,8158.33,1215.11,9373.44,6943.22,6319.25,1440.47,7759.72,4878.78,-22.54,18.55
160,PUERTO RICO,978.3,1014.16,1992.46,-35.86,933.23,2133.63,3066.86,-1200.41,-4.61,110.38
161,QATAR,10716.36,82985.39,93701.76,-72269.03,12099.24,85740.63,97839.87,-73641.38,12.9,3.32
162,REUNION,303.82,264.6,568.42,39.22,351.03,211.6,562.64,139.43,15.54,-20.03
163,ROMANIA,13595.28,8233.64,21828.92,5361.63,6870.36,3054.54,9924.9,3815.82,-49.47,-62.9
164,RUSSIA,28389.18,420489.28,448878.46,-392100.11,34417.77,457701.76,492119.53,-423283.99,21.24,8.85
165,RWANDA,931.84,74.66,1006.5,857.17,687.54,102.48,790.02,585.05,-26.22,37.26
166,SAMOA,14.08,159.62,173.71,-145.54,13.07,26.59,39.66,-13.52,-7.17,-83.34
167,SAN MARINO,3.69,0.48,4.17,3.21,27.12,0.96,28.08,26.16,635.09,99.44
168,SAO TOME,12.44,0.18,12.63,12.26,,,0.0,0.0,,
169,SAUDI ARAB,75349.64,211348.98,286698.61,-135999.34,81871.84,207459.77,289331.61,-125587.92,8.66,-1.84
170,SENEGAL,6461.98,4614.32,11076.3,1847.66,7036.19,5493.86,12530.05,1542.32,8.89,19.06
171,SERBIA,703.94,130.32,834.26,573.62,658.25,178.02,836.27,480.22,-6.49,36.61
172,SEYCHELLES,517.21,62.49,579.7,454.73,1568.24,1293.4,2861.65,274.84,203.21,1969.85
173,SIERRA LEONE,1843.1,205.64,2048.74,1637.46,2754.41,157.2,2911.61,2597.21,49.44,-23.56
174,SINGAPORE,90789.86,148333.28,239123.15,-57543.42,95317.87,149978.96,245296.83,-54661.09,4.99,1.11
175,SINT MAARTEN (DUTCH PART),2.9,0.01,2.91,2.89,,,0.0,0.0,,
176,SLOVAK REP,1261.16,440.55,1701.7,820.61,2599.37,507.08,3106.46,2092.29,106.11,15.1
177,SLOVENIA,3891.64,2144.55,6036.19,1747.08,3920.57,1826.61,5747.18,2093.96,0.74,-14.83
178,SOLOMON IS,22.67,50.82,73.48,-28.15,18.31,90.17,108.48,-71.86,-19.23,77.44
179,SOMALIA,5087.76,207.5,5295.26,4880.25,5151.18,253.31,5404.49,4897.87,1.25,22.07
180,SOUTH AFRICA,56375.41,66845.46,123220.87,-10470.05,54234.93,80350.76,134585.7,-26115.83,-3.8,20.2
181,SOUTH SUDAN,287.14,1.33,288.47,285.82,156.02,1.16,157.19,154.86,-45.66,-12.28
182,SPAIN,31514.43,17744.24,49258.67,13770.19,32831.71,15244.26,48075.97,17587.44,4.18,-14.09
183,SRI LANKA DSR,24509.57,10151.8,34661.37,14357.78,32301.92,8773.54,41075.46,23528.37,31.79,-13.58
184,ST HELENA,0.0,0.44,0.44,-0.43,1.07,0.14,1.2,0.93,,
185,ST KITT N A,31.44,0.54,31.98,30.9,,,0.0,0.0,,
186,ST LUCIA,50.55,8.25,58.81,42.3,74.36,9.87,84.23,64.49,47.1,19.6
187,ST VINCENT,13.83,0.8,14.64,13.03,24.58,1.24,25.83,23.34,77.69,55.23
188,STATE OF PALEST,5.23,0.53,5.76,4.71,0.18,0.35,0.54,-0.17,-96.53,-32.77
189,SUDAN,5784.04,2540.65,8324.69,3243.39,4041.97,3238.34,7280.32,803.63,-30.12,27.46
190,SURINAME,200.77,143.93,344.7,56.83,189.45,245.97,435.42,-56.51,-5.64,70.89
191,SWAZILAND,198.27,100.57,298.84,97.7,144.62,112.63,257.25,31.99,-27.06,11.99
192,SWEDEN,6696.86,11811.58,18508.44,-5114.71,8710.54,14838.97,23549.51,-6128.44,30.07,25.63
193,SWITZERLAND,9249.13,134550.0,143799.13,-125300.87,10835.77,174091.04,184926.81,-163255.27,17.15,29.39
194,SYRIA,412.7,136.29,548.99,276.4,442.08,110.25,552.32,331.83,7.12,-19.11
195,TAIWAN,12878.03,54540.3,67418.33,-41662.27,12201.69,73997.35,86199.05,-61795.66,-5.25,35.67
196,TAJIKISTAN,364.78,0.07,364.85,364.72,284.44,0.01,284.44,284.43,-22.03,-91.15
197,TANZANIA REP,30139.47,22760.47,52899.94,7379.0,32595.42,27365.35,59960.77,5230.06,8.15,20.23
198,THAILAND,34334.77,68724.22,103058.99,-34389.45,33221.85,92859.21,126081.06,-59637.35,-3.24,35.12
199,TIMOR LESTE,333.42,0.48,333.9,332.95,,,0.0,0.0,,
200,TOGO,21255.38,5804.45,27059.83,15450.93,15973.11,6527.08,22500.19,9446.02,-24.85,12.45
201,TOKELAU IS,,,0.0,0.0,0.46,0.28,0.74,0.18,,
202,TONGA,12.07,0.13,12.2,11.94,,,0.0,0.0,,
203,TRINIDAD,745.45,1766.13,2511.58,-1020.68,854.51,1731.06,2585.56,-876.55,14.63,-1.99
204,TUNISIA,3076.12,1731.67,4807.79,1344.45,2481.78,1008.82,3490.6,1472.96,-19.32,-41.74
205,TURKEY,46675.63,25353.13,72028.77,21322.5,39909.86,22686.85,62596.71,17223.01,-14.5,-10.52
206,TURKMENISTAN,253.02,616.14,869.15,-363.12,337.7,1145.76,1483.46,-808.07,33.47,85.96
207,TURKS C IS,6.22,3.55,9.77,2.67,12.62,2.69,15.31,9.93,102.81,-24.29
208,U ARAB EMTS,232615.47,305359.91,537975.38,-72744.44,252203.05,424993.83,677196.87,-172790.78,8.42,39.18
209,U K,86933.43,53301.81,140235.24,33631.61,100910.49,61189.72,162100.21,39720.77,16.08,14.8
210,U S A,519996.63,293329.35,813325.98,226667.29,576183.95,324447.09,900631.05,251736.86,10.81,10.61
211,UGANDA,3608.81,6117.15,9725.96,-2508.35,3236.11,1874.45,5110.56,1361.67,-10.33,-69.36
212,UKRAINE,1105.19,2985.14,4090.33,-1879.94,1267.03,7835.07,9102.1,-6568.04,14.64,162.47
213,UNSPECIFIED,20542.19,430.34,20972.54,20111.85,25421.98,920.66,26342.65,24501.32,23.75,113.94
214,URUGUAY,4065.98,875.96,4941.93,3190.02,1078.63,1067.9,2146.54,10.73,-73.47,21.91
215,US MINOR OUTLYING ISLANDS,2.49,0.0,2.49,2.49,4.47,2.23,6.7,2.23,79.43,58893.2
216,UZBEKISTAN,2522.28,150.62,2672.91,2371.66,3539.23,105.37,3644.6,3433.85,40.32,-30.04
217,VANUATU REP,27.18,0.0,27.19,27.18,26.06,4.47,30.53,21.59,-4.13,
218,VATICAN CITY,0.75,0.63,1.38,0.12,,,0.0,0.0,,
219,VENEZUELA,1079.74,2469.04,3548.78,-1389.31,1502.17,10770.83,12273.0,-9268.66,39.12,336.23
220,VIETNAM SOC REP,36708.97,64835.26,101544.23,-28126.29,37987.36,73547.77,111535.13,-35560.41,3.48,13.44
221,VIRGIN IS US,38.86,691.38,730.24,-652.52,31.47,0.7,32.17,30.77,-19.02,-99.9
222,YEMEN REPUBLC,5763.3,1331.06,7094.36,4432.24,6024.95,1145.71,7170.66,4879.24,4.54,-13.93
223,ZAMBIA,1723.91,1524.17,3248.08,199.73,1553.2,1169.86,2723.06,383.35,-9.9,-23.25
224,ZIMBABWE,1122.79,111.0,1233.79,1011.8,1014.53,75.94,1090.47,938.59,-9.64,-31.59
